{"cameraMode":{"drawMode":0,"name":"Shaded","section":"Shading Mode"},"sceneLighting":false,"audioPlay":false,"sceneViewState":{"m_AlwaysRefresh":false,"showFog":true,"showSkybox":false,"showFlares":true,"showImageEffects":true,"showParticleSystems":true,"showVisualEffectGraphs":true,"m_FxEnabled":true},"in2DMode":false,"pivot":{"x":-0.07742786407470703,"y":7.5012922286987309,"z":33.322444915771487},"rotation":{"x":-0.07225042581558228,"y":0.9260741472244263,"z":-0.23135226964950562,"w":-0.2892093062400818},"size":0.8660253882408142,"orthographic":false}