{"cameraMode":{"drawMode":0,"name":"Shaded","section":"Shading Mode"},"sceneLighting":true,"audioPlay":false,"sceneViewState":{"m_AlwaysRefresh":false,"showFog":true,"showSkybox":true,"showFlares":true,"showImageEffects":true,"showParticleSystems":true,"showVisualEffectGraphs":true,"m_FxEnabled":true},"in2DMode":false,"pivot":{"x":4.205986022949219,"y":0.20729506015777589,"z":18.06804656982422},"rotation":{"x":-0.27901390194892886,"y":0.4302190840244293,"z":-0.1417635828256607,"w":-0.8467416167259216},"size":0.29750141501426699,"orthographic":false}